<?xml version="1.0"?>
<data grt_format="2.0">
  <value _ptr_="0x1a1ac20" type="list" content-type="object" content-struct-name="db.mgmt.Connection">
    <value type="object" struct-name="db.mgmt.Connection" id="9707afc4-2c62-11e4-ae54-5453edbd1628" struct-checksum="0x96ba47d8">
      <link type="object" struct-name="db.mgmt.Driver" key="driver">com.mysql.rdbms.mysql.driver.native</link>
      <value type="string" key="hostIdentifier">Mysql@localhost:3306</value>
      <value type="int" key="isDefault">0</value>
      <value _ptr_="0x1ab7390" type="dict" key="modules"/>
      <value _ptr_="0x1ab7420" type="dict" key="parameterValues">
        <value type="string" key="DbSqlEditor:LastDefaultSchema">vistalayers</value>
        <value type="string" key="SQL_MODE"></value>
        <value type="string" key="hostName">localhost</value>
        <value type="int" key="lastConnected">1456484636</value>
        <value type="string" key="password"></value>
        <value type="int" key="port">3306</value>
        <value type="string" key="schema"></value>
        <value type="string" key="serverVersion">10.0.23-MariaDB</value>
        <value type="string" key="sslCA"></value>
        <value type="string" key="sslCert"></value>
        <value type="string" key="sslCipher"></value>
        <value type="string" key="sslKey"></value>
        <value type="int" key="useSSL">1</value>
        <value type="string" key="userName">root</value>
      </value>
      <value type="string" key="name">Local instance 3306</value>
      <link type="object" struct-name="GrtObject" key="owner">d54c8ca0-1f2c-11e6-aa8d-605718796cdd</link>
    </value>
    <value type="object" struct-name="db.mgmt.Connection" id="6c16d320-2c63-11e4-ae54-5453edbd1628" struct-checksum="0x96ba47d8">
      <link type="object" struct-name="db.mgmt.Driver" key="driver">com.mysql.rdbms.mysql.driver.native</link>
      <value type="string" key="hostIdentifier">Mysql@dbmasterireland.ccv6mggddzfn.eu-west-1.rds.amazonaws.com:3306</value>
      <value type="int" key="isDefault">0</value>
      <value _ptr_="0x1ad4a00" type="dict" key="modules"/>
      <value _ptr_="0x1ad4a90" type="dict" key="parameterValues">
        <value type="string" key="DbSqlEditor:LastDefaultSchema">ikea_pax</value>
        <value type="string" key="SQL_MODE"></value>
        <value type="string" key="hostName">dbmasterireland.ccv6mggddzfn.eu-west-1.rds.amazonaws.com</value>
        <value type="int" key="lastConnected">1463667916</value>
        <value type="string" key="password"></value>
        <value type="int" key="port">3306</value>
        <value type="string" key="schema"></value>
        <value type="string" key="serverVersion">5.6.21-log</value>
        <value type="string" key="socket"></value>
        <value type="string" key="sshHost">dbmasterireland.ccv6mggddzfn.eu-west-1.rds.amazonaws.com:22</value>
        <value type="string" key="sshKeyFile"></value>
        <value type="string" key="sshPassword"></value>
        <value type="string" key="sshUserName">user</value>
        <value type="string" key="sslCA"></value>
        <value type="string" key="sslCert"></value>
        <value type="string" key="sslCipher"></value>
        <value type="string" key="sslKey"></value>
        <value type="int" key="useSSL">1</value>
        <value type="string" key="userName">dbireland</value>
      </value>
      <value type="string" key="name">AWS - DB MasterIreland</value>
      <link type="object" struct-name="GrtObject" key="owner">d54c8ca0-1f2c-11e6-aa8d-605718796cdd</link>
    </value>
    <value type="object" struct-name="db.mgmt.Connection" id="9a824982-39f6-11e5-823b-f8a96356276e" struct-checksum="0x96ba47d8">
      <link type="object" struct-name="db.mgmt.Driver" key="driver">com.mysql.rdbms.mysql.driver.native_sshtun</link>
      <value type="string" key="hostIdentifier">Mysql@rdsreplica.ikea.4431878246.interiorvista.net:3306@54.194.30.82</value>
      <value type="int" key="isDefault">0</value>
      <value _ptr_="0x1ad5120" type="dict" key="modules"/>
      <value _ptr_="0x1ad51b0" type="dict" key="parameterValues">
        <value type="string" key="SQL_MODE"></value>
        <value type="string" key="hostName">rdsreplica.ikea.4431878246.interiorvista.net</value>
        <value type="int" key="lastConnected">1446573177</value>
        <value type="string" key="password"></value>
        <value type="int" key="port">3306</value>
        <value type="string" key="schema"></value>
        <value type="string" key="serverVersion">5.6.21</value>
        <value type="string" key="sshHost">54.194.30.82</value>
        <value type="string" key="sshKeyFile">/home/jcloriente/Documents/InteriorVista/pem/development.pem</value>
        <value type="string" key="sshPassword"></value>
        <value type="string" key="sshUserName">ec2-user</value>
        <value type="string" key="sslCA">/home/jcloriente/Documents/InteriorVista/pem/rds-combined-ca-bundle.pem</value>
        <value type="string" key="sslCert"></value>
        <value type="string" key="sslCipher"></value>
        <value type="string" key="sslKey"></value>
        <value type="int" key="useSSL">2</value>
        <value type="string" key="userName">dbireland</value>
      </value>
      <value type="string" key="name">AWS RDS IKEA RReplica </value>
      <link type="object" struct-name="GrtObject" key="owner">d54c8ca0-1f2c-11e6-aa8d-605718796cdd</link>
    </value>
    <value type="object" struct-name="db.mgmt.Connection" id="1d6b8cd0-b13c-11e4-b684-f8a96356276e" struct-checksum="0x96ba47d8">
      <link type="object" struct-name="db.mgmt.Driver" key="driver">com.mysql.rdbms.mysql.driver.native_sshtun</link>
      <value type="string" key="hostIdentifier">Mysql@127.0.0.1:3306@54.194.30.82:22</value>
      <value type="int" key="isDefault">0</value>
      <value _ptr_="0x1ad5840" type="dict" key="modules"/>
      <value _ptr_="0x1ad58d0" type="dict" key="parameterValues">
        <value type="string" key="DbSqlEditor:LastDefaultSchema">mailing</value>
        <value type="string" key="SQL_MODE"></value>
        <value type="string" key="hostName">127.0.0.1</value>
        <value type="int" key="lastConnected">1463667601</value>
        <value type="string" key="password"></value>
        <value type="int" key="port">3306</value>
        <value type="string" key="schema"></value>
        <value type="string" key="serverVersion">5.5.40-log</value>
        <value type="string" key="sshHost">54.194.30.82:22</value>
        <value type="string" key="sshKeyFile">/home/jcloriente/.ssh/development.pem</value>
        <value type="string" key="sshPassword"></value>
        <value type="string" key="sshUserName">ec2-user</value>
        <value type="string" key="sslCA"></value>
        <value type="string" key="sslCert"></value>
        <value type="string" key="sslCipher"></value>
        <value type="string" key="sslKey"></value>
        <value type="int" key="useSSL">1</value>
        <value type="string" key="userName">root</value>
      </value>
      <value type="string" key="name">AWS - MainServer</value>
      <link type="object" struct-name="GrtObject" key="owner">d54c8ca0-1f2c-11e6-aa8d-605718796cdd</link>
    </value>
    <value type="object" struct-name="db.mgmt.Connection" id="7c5958d6-32b5-11e4-9afc-5453edbd1628" struct-checksum="0x96ba47d8">
      <link type="object" struct-name="db.mgmt.Driver" key="driver">com.mysql.rdbms.mysql.driver.native_sshtun</link>
      <value type="string" key="hostIdentifier">Mysql@dbmastermatchapp.ctgl0kvla2uy.eu-west-1.rds.amazonaws.com:3306@54.77.209.102</value>
      <value type="int" key="isDefault">0</value>
      <value _ptr_="0x1ad5f60" type="dict" key="modules"/>
      <value _ptr_="0x1ad5ff0" type="dict" key="parameterValues">
        <value type="string" key="DbSqlEditor:LastDefaultSchema">justteam_db</value>
        <value type="string" key="SQL_MODE"></value>
        <value type="string" key="hostName">dbmastermatchapp.ctgl0kvla2uy.eu-west-1.rds.amazonaws.com</value>
        <value type="int" key="lastConnected">1441620819</value>
        <value type="string" key="password"></value>
        <value type="int" key="port">3306</value>
        <value type="string" key="schema"></value>
        <value type="string" key="serverVersion">5.6.19-log</value>
        <value type="string" key="sshHost">54.77.209.102</value>
        <value type="string" key="sshKeyFile">/home/jcloriente/Documents/InteriorVista/pem/matchapp.pem</value>
        <value type="string" key="sshPassword"></value>
        <value type="string" key="sshUserName">root</value>
        <value type="string" key="sslCA"></value>
        <value type="string" key="sslCert"></value>
        <value type="string" key="sslCipher"></value>
        <value type="string" key="sslKey"></value>
        <value type="int" key="useSSL">1</value>
        <value type="string" key="userName">dbmatchapp</value>
      </value>
      <value type="string" key="name">AWS - DB Master Machapp</value>
      <link type="object" struct-name="GrtObject" key="owner">d54c8ca0-1f2c-11e6-aa8d-605718796cdd</link>
    </value>
    <value type="object" struct-name="db.mgmt.Connection" id="6a626142-563a-11e4-86b2-6036dd95f371" struct-checksum="0x96ba47d8">
      <link type="object" struct-name="db.mgmt.Driver" key="driver">com.mysql.rdbms.mysql.driver.native_sshtun</link>
      <value type="string" key="hostIdentifier">Mysql@dbreplicamatchapp.ctgl0kvla2uy.eu-west-1.rds.amazonaws.com:3306@54.77.209.102</value>
      <value type="int" key="isDefault">0</value>
      <value _ptr_="0x1ad6680" type="dict" key="modules"/>
      <value _ptr_="0x1ad6710" type="dict" key="parameterValues">
        <value type="string" key="DbSqlEditor:LastDefaultSchema">justteam_db</value>
        <value type="int" key="OPT_READ_TIMEOUT">300</value>
        <value type="string" key="SQL_MODE"></value>
        <value type="string" key="hostName">dbreplicamatchapp.ctgl0kvla2uy.eu-west-1.rds.amazonaws.com</value>
        <value type="int" key="lastConnected">1421658086</value>
        <value type="string" key="password"></value>
        <value type="int" key="port">3306</value>
        <value type="string" key="schema"></value>
        <value type="string" key="serverVersion">5.6.19</value>
        <value type="string" key="sshHost">54.77.209.102</value>
        <value type="string" key="sshKeyFile">/home/jcloriente/Documents/InteriorVista/pem/matchapp.pem</value>
        <value type="string" key="sshPassword"></value>
        <value type="string" key="sshUserName">root</value>
        <value type="string" key="sslCA"></value>
        <value type="string" key="sslCert"></value>
        <value type="string" key="sslCipher"></value>
        <value type="string" key="sslKey"></value>
        <value type="int" key="useSSL">1</value>
        <value type="string" key="userName">dbmatchapp</value>
      </value>
      <value type="string" key="name">AWS - DB Replica Machapp</value>
      <link type="object" struct-name="GrtObject" key="owner">d54c8ca0-1f2c-11e6-aa8d-605718796cdd</link>
    </value>
    <value type="object" struct-name="db.mgmt.Connection" id="a59d3fd2-b13b-11e4-b684-f8a96356276e" struct-checksum="0x96ba47d8">
      <link type="object" struct-name="db.mgmt.Driver" key="driver">com.mysql.rdbms.mysql.driver.native_sshtun</link>
      <value type="string" key="hostIdentifier">Mysql@127.0.0.1:3306@54.76.26.202:22</value>
      <value type="int" key="isDefault">0</value>
      <value _ptr_="0x1ad6da0" type="dict" key="modules"/>
      <value _ptr_="0x1ad6e30" type="dict" key="parameterValues">
        <value type="string" key="DbSqlEditor:LastDefaultSchema">ikea_bathvista</value>
        <value type="string" key="SQL_MODE"></value>
        <value type="string" key="hostName">127.0.0.1</value>
        <value type="int" key="lastConnected">1424169278</value>
        <value type="string" key="password"></value>
        <value type="int" key="port">3306</value>
        <value type="string" key="schema"></value>
        <value type="string" key="serverVersion">5.5.40</value>
        <value type="string" key="sshHost">54.76.26.202:22</value>
        <value type="string" key="sshKeyFile">/home/jcloriente/Documents/InteriorVista/pem/production.pem</value>
        <value type="string" key="sshPassword"></value>
        <value type="string" key="sshUserName">ec2-user</value>
        <value type="string" key="sslCA"></value>
        <value type="string" key="sslCert"></value>
        <value type="string" key="sslCipher"></value>
        <value type="string" key="sslKey"></value>
        <value type="int" key="useSSL">1</value>
        <value type="string" key="userName">root</value>
      </value>
      <value type="string" key="name">AWS Test Old</value>
      <link type="object" struct-name="GrtObject" key="owner">d54c8ca0-1f2c-11e6-aa8d-605718796cdd</link>
    </value>
    <value type="object" struct-name="db.mgmt.Connection" id="01cb8462-b13c-11e4-b684-f8a96356276e" struct-checksum="0x96ba47d8">
      <link type="object" struct-name="db.mgmt.Driver" key="driver">com.mysql.rdbms.mysql.driver.native_sshtun</link>
      <value type="string" key="hostIdentifier">Mysql@127.0.0.1:3306@54.77.176.249:22</value>
      <value type="int" key="isDefault">0</value>
      <value _ptr_="0x1ad74c0" type="dict" key="modules"/>
      <value _ptr_="0x1ad7550" type="dict" key="parameterValues">
        <value type="string" key="DbSqlEditor:LastDefaultSchema">ikea_bathvista</value>
        <value type="string" key="SQL_MODE"></value>
        <value type="string" key="hostName">127.0.0.1</value>
        <value type="int" key="lastConnected">1423655386</value>
        <value type="string" key="password"></value>
        <value type="int" key="port">3306</value>
        <value type="string" key="schema"></value>
        <value type="string" key="serverVersion">5.5.40</value>
        <value type="string" key="sshHost">54.77.176.249:22</value>
        <value type="string" key="sshKeyFile">/home/jcloriente/Documents/InteriorVista/pem/production.pem</value>
        <value type="string" key="sshPassword"></value>
        <value type="string" key="sshUserName">ec2-user</value>
        <value type="string" key="sslCA"></value>
        <value type="string" key="sslCert"></value>
        <value type="string" key="sslCipher"></value>
        <value type="string" key="sslKey"></value>
        <value type="int" key="useSSL">1</value>
        <value type="string" key="userName">root</value>
      </value>
      <value type="string" key="name">AWS Test New</value>
      <link type="object" struct-name="GrtObject" key="owner">d54c8ca0-1f2c-11e6-aa8d-605718796cdd</link>
    </value>
    <value type="object" struct-name="db.mgmt.Connection" id="2fd05b86-c5e9-11e5-8339-f8a96356276e" struct-checksum="0x96ba47d8">
      <link type="object" struct-name="db.mgmt.Driver" key="driver">com.mysql.rdbms.mysql.driver.native_sshtun</link>
      <value type="string" key="hostIdentifier">Mysql@127.0.0.1:3306@10.136.152.83:22</value>
      <value type="int" key="isDefault">0</value>
      <value _ptr_="0x1ad7be0" type="dict" key="modules"/>
      <value _ptr_="0x1ad7c70" type="dict" key="parameterValues">
        <value type="string" key="DbSqlEditor:LastDefaultSchema">roca_db_dev</value>
        <value type="string" key="SQL_MODE"></value>
        <value type="string" key="hostName">127.0.0.1</value>
        <value type="int" key="lastConnected">1455128057</value>
        <value type="string" key="password"></value>
        <value type="int" key="port">3306</value>
        <value type="string" key="schema"></value>
        <value type="string" key="serverVersion">5.5.47-log</value>
        <value type="string" key="sshHost">10.136.152.83:22</value>
        <value type="string" key="sshKeyFile"></value>
        <value type="string" key="sshPassword"></value>
        <value type="string" key="sshUserName">root</value>
        <value type="string" key="sslCA"></value>
        <value type="string" key="sslCert"></value>
        <value type="string" key="sslCipher"></value>
        <value type="string" key="sslKey"></value>
        <value type="int" key="useSSL">1</value>
        <value type="string" key="userName">root</value>
      </value>
      <value type="string" key="name">Roca TEST DB</value>
      <link type="object" struct-name="GrtObject" key="owner">d54c8ca0-1f2c-11e6-aa8d-605718796cdd</link>
    </value>
    <value type="object" struct-name="db.mgmt.Connection" id="df98d9f8-c5e9-11e5-8339-f8a96356276e" struct-checksum="0x96ba47d8">
      <link type="object" struct-name="db.mgmt.Driver" key="driver">com.mysql.rdbms.mysql.driver.native_sshtun</link>
      <value type="string" key="hostIdentifier">Mysql@127.0.0.1:3306@10.136.152.83:22</value>
      <value type="int" key="isDefault">0</value>
      <value _ptr_="0x1ad8300" type="dict" key="modules"/>
      <value _ptr_="0x1ad8390" type="dict" key="parameterValues">
        <value type="string" key="SQL_MODE"></value>
        <value type="string" key="hostName">127.0.0.1</value>
        <value type="int" key="lastConnected">1454412251</value>
        <value type="string" key="password"></value>
        <value type="int" key="port">3306</value>
        <value type="string" key="schema"></value>
        <value type="string" key="serverVersion">5.5.47</value>
        <value type="string" key="sshHost">10.136.152.83:22</value>
        <value type="string" key="sshKeyFile"></value>
        <value type="string" key="sshPassword"></value>
        <value type="string" key="sshUserName">root</value>
        <value type="string" key="sslCA"></value>
        <value type="string" key="sslCert"></value>
        <value type="string" key="sslCipher"></value>
        <value type="string" key="sslKey"></value>
        <value type="int" key="useSSL">1</value>
        <value type="string" key="userName">roca_user</value>
      </value>
      <value type="string" key="name">Roca TEST DB roca_user</value>
      <link type="object" struct-name="GrtObject" key="owner">d54c8ca0-1f2c-11e6-aa8d-605718796cdd</link>
    </value>
    <value type="object" struct-name="db.mgmt.Connection" id="b6664428-c5ec-11e5-8339-f8a96356276e" struct-checksum="0x96ba47d8">
      <link type="object" struct-name="db.mgmt.Driver" key="driver">com.mysql.rdbms.mysql.driver.native_sshtun</link>
      <value type="string" key="hostIdentifier">Mysql@10.136.152.103:3306@10.136.152.103:22</value>
      <value type="int" key="isDefault">0</value>
      <value _ptr_="0x1ad8a20" type="dict" key="modules"/>
      <value _ptr_="0x1ad8ab0" type="dict" key="parameterValues">
        <value type="string" key="DbSqlEditor:LastDefaultSchema">roca_db_pro</value>
        <value type="string" key="SQL_MODE"></value>
        <value type="string" key="hostName">10.136.152.103</value>
        <value type="int" key="lastConnected">1457609681</value>
        <value type="string" key="password"></value>
        <value type="int" key="port">3306</value>
        <value type="string" key="schema"></value>
        <value type="string" key="serverVersion">5.5.47-log</value>
        <value type="string" key="sshHost">10.136.152.103:22</value>
        <value type="string" key="sshKeyFile"></value>
        <value type="string" key="sshPassword"></value>
        <value type="string" key="sshUserName">root</value>
        <value type="string" key="sslCA"></value>
        <value type="string" key="sslCert"></value>
        <value type="string" key="sslCipher"></value>
        <value type="string" key="sslKey"></value>
        <value type="int" key="useSSL">1</value>
        <value type="string" key="userName">root</value>
      </value>
      <value type="string" key="name">ROCA PRO DB</value>
      <link type="object" struct-name="GrtObject" key="owner">d54c8ca0-1f2c-11e6-aa8d-605718796cdd</link>
    </value>
    <value type="object" struct-name="db.mgmt.Connection" id="b96b34fe-c9a1-11e5-8387-f8a96356276e" struct-checksum="0x96ba47d8">
      <link type="object" struct-name="db.mgmt.Driver" key="driver">com.mysql.rdbms.mysql.driver.native_sshtun</link>
      <value type="string" key="hostIdentifier">Mysql@10.136.152.102:3306@10.136.152.119:22</value>
      <value type="int" key="isDefault">0</value>
      <value _ptr_="0x1ac3d20" type="dict" key="modules"/>
      <value _ptr_="0x1ac3db0" type="dict" key="parameterValues">
        <value type="string" key="DbSqlEditor:LastDefaultSchema">roca_db_pro</value>
        <value type="string" key="SQL_MODE"></value>
        <value type="string" key="hostName">10.136.152.102</value>
        <value type="int" key="lastConnected">1457610239</value>
        <value type="string" key="password"></value>
        <value type="int" key="port">3306</value>
        <value type="string" key="schema"></value>
        <value type="string" key="serverVersion">5.5.47-log</value>
        <value type="string" key="sshHost">10.136.152.119:22</value>
        <value type="string" key="sshKeyFile"></value>
        <value type="string" key="sshPassword"></value>
        <value type="string" key="sshUserName">root</value>
        <value type="string" key="sslCA"></value>
        <value type="string" key="sslCert"></value>
        <value type="string" key="sslCipher"></value>
        <value type="string" key="sslKey"></value>
        <value type="int" key="useSSL">1</value>
        <value type="string" key="userName">root</value>
      </value>
      <value type="string" key="name">ROCA PRO DB 2</value>
      <link type="object" struct-name="GrtObject" key="owner">d54c8ca0-1f2c-11e6-aa8d-605718796cdd</link>
    </value>
    <value type="object" struct-name="db.mgmt.Connection" id="301c5e4e-e760-11e5-83da-f8a96356276e" struct-checksum="0x96ba47d8">
      <link type="object" struct-name="db.mgmt.Driver" key="driver">com.mysql.rdbms.mysql.driver.native_sshtun</link>
      <value type="string" key="hostIdentifier">Mysql@127.0.0.1:3306@52.31.233.252:22</value>
      <value type="int" key="isDefault">0</value>
      <value _ptr_="0x1ac4440" type="dict" key="modules"/>
      <value _ptr_="0x1ac44d0" type="dict" key="parameterValues">
        <value type="string" key="DbSqlEditor:LastDefaultSchema"></value>
        <value type="string" key="SQL_MODE"></value>
        <value type="string" key="hostName">127.0.0.1</value>
        <value type="int" key="lastConnected">1461286883</value>
        <value type="string" key="password"></value>
        <value type="int" key="port">3306</value>
        <value type="string" key="schema"></value>
        <value type="string" key="serverVersion">5.5.44-MariaDB</value>
        <value type="string" key="sshHost">52.31.233.252:22</value>
        <value type="string" key="sshKeyFile">/home/jcloriente/.ssh/ops.pem</value>
        <value type="string" key="sshPassword"></value>
        <value type="string" key="sshUserName">centos</value>
        <value type="string" key="sslCA"></value>
        <value type="string" key="sslCert"></value>
        <value type="string" key="sslCipher"></value>
        <value type="string" key="sslKey"></value>
        <value type="int" key="useSSL">1</value>
        <value type="string" key="userName">root</value>
      </value>
      <value type="string" key="name">AWS - Vistalayers</value>
      <link type="object" struct-name="GrtObject" key="owner">d54c8ca0-1f2c-11e6-aa8d-605718796cdd</link>
    </value>
    <value type="object" struct-name="db.mgmt.Connection" id="c54f008a-0825-11e6-b32e-605718796cdd" struct-checksum="0x96ba47d8">
      <link type="object" struct-name="db.mgmt.Driver" key="driver">com.mysql.rdbms.mysql.driver.native</link>
      <value type="string" key="hostIdentifier">Mysql@192.168.0.133:3306</value>
      <value type="int" key="isDefault">0</value>
      <value _ptr_="0x1ac4b60" type="dict" key="modules"/>
      <value _ptr_="0x1ac4bf0" type="dict" key="parameterValues">
        <value type="string" key="DbSqlEditor:LastDefaultSchema"></value>
        <value type="string" key="SQL_MODE"></value>
        <value type="string" key="hostName">192.168.0.133</value>
        <value type="int" key="lastConnected">1461286907</value>
        <value type="string" key="password"></value>
        <value type="int" key="port">3306</value>
        <value type="string" key="schema"></value>
        <value type="string" key="serverVersion">5.5.44-MariaDB</value>
        <value type="string" key="sslCA"></value>
        <value type="string" key="sslCert"></value>
        <value type="string" key="sslCipher"></value>
        <value type="string" key="sslKey"></value>
        <value type="int" key="useSSL">1</value>
        <value type="string" key="userName">xut</value>
      </value>
      <value type="string" key="name">AWS - Vistalayers1</value>
      <link type="object" struct-name="GrtObject" key="owner">d54c8ca0-1f2c-11e6-aa8d-605718796cdd</link>
    </value>
    <value type="object" struct-name="db.mgmt.Connection" id="51e04d6e-0bd8-11e6-9cf7-54ee753d2d5e" struct-checksum="0x96ba47d8">
      <link type="object" struct-name="db.mgmt.Driver" key="driver">com.mysql.rdbms.mysql.driver.native_sshtun</link>
      <value type="string" key="hostIdentifier">Mysql@127.0.0.1:3306@54.194.30.82:22</value>
      <value type="int" key="isDefault">1</value>
      <value _ptr_="0x1ac5280" type="dict" key="modules"/>
      <value _ptr_="0x1ac5310" type="dict" key="parameterValues">
        <value type="string" key="DbSqlEditor:LastDefaultSchema">ikea_metod_new</value>
        <value type="string" key="SQL_MODE"></value>
        <value type="string" key="hostName">127.0.0.1</value>
        <value type="int" key="lastConnected">1461693472</value>
        <value type="string" key="password"></value>
        <value type="int" key="port">3306</value>
        <value type="string" key="schema"></value>
        <value type="string" key="serverVersion">5.5.40-log</value>
        <value type="string" key="sshHost">54.194.30.82:22</value>
        <value type="string" key="sshKeyFile">/home/jcloriente/.ssh/development.pem</value>
        <value type="string" key="sshPassword"></value>
        <value type="string" key="sshUserName">ec2-user</value>
        <value type="string" key="sslCA"></value>
        <value type="string" key="sslCert"></value>
        <value type="string" key="sslCipher"></value>
        <value type="string" key="sslKey"></value>
        <value type="int" key="useSSL">1</value>
        <value type="string" key="userName">ikea_user</value>
      </value>
      <value type="string" key="name">AWS - MainServer1</value>
      <link type="object" struct-name="GrtObject" key="owner">d54c8ca0-1f2c-11e6-aa8d-605718796cdd</link>
    </value>
  </value>
</data>
