<?xml version="1.0"?>
<data grt_format="2.0">
  <value _ptr_="0x1a1aaf0" type="list" content-type="object" content-struct-name="db.mgmt.ServerInstance">
    <value type="object" struct-name="db.mgmt.ServerInstance" id="c3130006-5ea7-11e4-9965-f8a96356276e" struct-checksum="0x367436e2">
      <link type="object" struct-name="db.mgmt.Connection" key="connection">9707afc4-2c62-11e4-ae54-5453edbd1628</link>
      <value _ptr_="0x1ac7510" type="dict" key="loginInfo"/>
      <value _ptr_="0x1ac75a0" type="dict" key="serverInfo">
        <value type="string" key="basedir">/usr</value>
        <value type="string" key="datadir">/var/lib/mysql/</value>
        <value type="string" key="detected_os_name">Linux</value>
        <value type="string" key="detected_os_type">linux</value>
        <value type="string" key="detected_os_variant">Fedora</value>
        <value type="string" key="detected_os_version">20</value>
        <value type="string" key="errorLogFilePath">/var/log/mariadb/mariadb.log</value>
        <value type="string" key="generalLogFilePath">devstation.log</value>
        <value type="string" key="serverVersion">5.5.39-MariaDB</value>
        <value type="int" key="setupPending">0</value>
        <value type="string" key="slowLogFilePath">devstation-slow.log</value>
        <value type="string" key="sys.config.path"></value>
        <value type="string" key="sys.config.section">mysqld</value>
        <value type="string" key="sys.preset">Custom</value>
        <value type="string" key="sys.sudo"></value>
        <value type="string" key="sys.system">Linux</value>
        <value type="int" key="sys.usesudo">0</value>
        <value type="int" key="sys.usesudostatus">0</value>
      </value>
      <value type="string" key="name">Local 3306</value>
    </value>
    <value type="object" struct-name="db.mgmt.ServerInstance" id="c3130376-5ea7-11e4-9965-f8a96356276e" struct-checksum="0x367436e2">
      <link type="object" struct-name="db.mgmt.Connection" key="connection">6c16d320-2c63-11e4-ae54-5453edbd1628</link>
      <value _ptr_="0x1aca6c0" type="dict" key="loginInfo">
        <value type="string" key="ssh.hostName"></value>
        <value type="string" key="ssh.key">~/.ssh/ssh_private_key</value>
        <value type="string" key="ssh.localPort">3306</value>
        <value type="int" key="ssh.useKey">0</value>
        <value type="string" key="ssh.userName">mysql</value>
      </value>
      <value _ptr_="0x1aca750" type="dict" key="serverInfo">
        <value type="string" key="basedir">/rdsdbbin/mysql/</value>
        <value type="string" key="datadir">/rdsdbdata/db/</value>
        <value type="string" key="errorLogFilePath">/rdsdbdata/log/error/mysql-error.log</value>
        <value type="string" key="generalLogFilePath">/rdsdbdata/log/general/mysql-general.log</value>
        <value type="string" key="serverVersion">5.6.21-log</value>
        <value type="int" key="setupPending">0</value>
        <value type="string" key="slowLogFilePath">/rdsdbdata/log/slowquery/mysql-slowquery.log</value>
        <value type="string" key="sys.config.path">/etc/my.cnf</value>
        <value type="string" key="sys.config.section">mysqld</value>
        <value type="string" key="sys.mysqld.start">start mysql</value>
        <value type="string" key="sys.mysqld.stop">stop mysql</value>
        <value type="string" key="sys.sudo"></value>
        <value type="string" key="sys.system">Linux</value>
        <value type="int" key="sys.usesudo">1</value>
        <value type="int" key="sys.usesudostatus">0</value>
      </value>
      <value type="string" key="name">AWS - DB MasterIreland</value>
    </value>
    <value type="object" struct-name="db.mgmt.ServerInstance" id="c3130858-5ea7-11e4-9965-f8a96356276e" struct-checksum="0x367436e2">
      <link type="object" struct-name="db.mgmt.Connection" key="connection">7c5958d6-32b5-11e4-9afc-5453edbd1628</link>
      <value _ptr_="0x1b31010" type="dict" key="loginInfo"/>
      <value _ptr_="0x1b310a0" type="dict" key="serverInfo">
        <value type="string" key="basedir">/rdsdbbin/mysql/</value>
        <value type="string" key="datadir">/rdsdbdata/db/</value>
        <value type="string" key="errorLogFilePath">/rdsdbdata/log/error/mysql-error.log</value>
        <value type="string" key="generalLogFilePath">/rdsdbdata/log/general/mysql-general.log</value>
        <value type="string" key="serverVersion">5.6.19-log</value>
        <value type="int" key="setupPending">0</value>
        <value type="string" key="slowLogFilePath">/rdsdbdata/log/slowquery/mysql-slowquery.log</value>
        <value type="string" key="sys.sudo"></value>
        <value type="int" key="sys.usesudo">0</value>
        <value type="int" key="sys.usesudostatus">0</value>
      </value>
      <value type="string" key="name">AWS - DB Master Machapp</value>
    </value>
    <value type="object" struct-name="db.mgmt.ServerInstance" id="c3131082-5ea7-11e4-9965-f8a96356276e" struct-checksum="0x367436e2">
      <link type="object" struct-name="db.mgmt.Connection" key="connection">6a626142-563a-11e4-86b2-6036dd95f371</link>
      <value _ptr_="0x1b315e0" type="dict" key="loginInfo"/>
      <value _ptr_="0x1b31670" type="dict" key="serverInfo">
        <value type="string" key="basedir">/rdsdbbin/mysql/</value>
        <value type="string" key="datadir">/rdsdbdata/db/</value>
        <value type="string" key="errorLogFilePath">/rdsdbdata/log/error/mysql-error.log</value>
        <value type="string" key="generalLogFilePath">/rdsdbdata/log/general/mysql-general.log</value>
        <value type="string" key="serverVersion">5.6.19-log</value>
        <value type="int" key="setupPending">0</value>
        <value type="string" key="slowLogFilePath">/rdsdbdata/log/slowquery/mysql-slowquery.log</value>
        <value type="string" key="sys.sudo"></value>
        <value type="int" key="sys.usesudo">0</value>
        <value type="int" key="sys.usesudostatus">0</value>
      </value>
      <value type="string" key="name">AWS - DB Replica Machapp</value>
    </value>
    <value type="object" struct-name="db.mgmt.ServerInstance" id="d76863c0-b13b-11e4-b684-f8a96356276e" struct-checksum="0x367436e2">
      <link type="object" struct-name="db.mgmt.Connection" key="connection">a59d3fd2-b13b-11e4-b684-f8a96356276e</link>
      <value _ptr_="0x1b31bb0" type="dict" key="loginInfo"/>
      <value _ptr_="0x1b31c40" type="dict" key="serverInfo">
        <value type="int" key="setupPending">1</value>
      </value>
      <value type="string" key="name">AWS Test Old</value>
    </value>
    <value type="object" struct-name="db.mgmt.ServerInstance" id="18bc5264-b13c-11e4-b684-f8a96356276e" struct-checksum="0x367436e2">
      <link type="object" struct-name="db.mgmt.Connection" key="connection">01cb8462-b13c-11e4-b684-f8a96356276e</link>
      <value _ptr_="0x1b32180" type="dict" key="loginInfo"/>
      <value _ptr_="0x1b32210" type="dict" key="serverInfo">
        <value type="int" key="setupPending">1</value>
      </value>
      <value type="string" key="name">AWS Test New</value>
    </value>
    <value type="object" struct-name="db.mgmt.ServerInstance" id="46513046-b13c-11e4-b684-f8a96356276e" struct-checksum="0x367436e2">
      <link type="object" struct-name="db.mgmt.Connection" key="connection">1d6b8cd0-b13c-11e4-b684-f8a96356276e</link>
      <value _ptr_="0x1b32750" type="dict" key="loginInfo"/>
      <value _ptr_="0x1b327e0" type="dict" key="serverInfo">
        <value type="string" key="serverVersion">5.5.40-log</value>
        <value type="int" key="setupPending">0</value>
        <value type="string" key="sys.sudo"></value>
      </value>
      <value type="string" key="name">AWS - MainServer</value>
    </value>
    <value type="object" struct-name="db.mgmt.ServerInstance" id="7ff25902-39f8-11e5-823b-f8a96356276e" struct-checksum="0x367436e2">
      <link type="object" struct-name="db.mgmt.Connection" key="connection">9a824982-39f6-11e5-823b-f8a96356276e</link>
      <value _ptr_="0x1b32d20" type="dict" key="loginInfo"/>
      <value _ptr_="0x1b32db0" type="dict" key="serverInfo">
        <value type="int" key="setupPending">0</value>
        <value type="string" key="sys.sudo"></value>
      </value>
      <value type="string" key="name">AWS RDS IKEA RReplica </value>
    </value>
    <value type="object" struct-name="db.mgmt.ServerInstance" id="7958407a-c5e9-11e5-8339-f8a96356276e" struct-checksum="0x367436e2">
      <link type="object" struct-name="db.mgmt.Connection" key="connection">2fd05b86-c5e9-11e5-8339-f8a96356276e</link>
      <value _ptr_="0x1b332f0" type="dict" key="loginInfo"/>
      <value _ptr_="0x1b33380" type="dict" key="serverInfo">
        <value type="string" key="serverVersion">5.5.47</value>
        <value type="int" key="setupPending">1</value>
      </value>
      <value type="string" key="name">Roca TEST DB</value>
    </value>
    <value type="object" struct-name="db.mgmt.ServerInstance" id="16484c0e-c5ea-11e5-8339-f8a96356276e" struct-checksum="0x367436e2">
      <link type="object" struct-name="db.mgmt.Connection" key="connection">df98d9f8-c5e9-11e5-8339-f8a96356276e</link>
      <value _ptr_="0x1b338c0" type="dict" key="loginInfo"/>
      <value _ptr_="0x1b33950" type="dict" key="serverInfo">
        <value type="int" key="setupPending">1</value>
      </value>
      <value type="string" key="name">Roca TEST DB roca_user</value>
    </value>
    <value type="object" struct-name="db.mgmt.ServerInstance" id="cb6e289a-c5ec-11e5-8339-f8a96356276e" struct-checksum="0x367436e2">
      <link type="object" struct-name="db.mgmt.Connection" key="connection">b6664428-c5ec-11e5-8339-f8a96356276e</link>
      <value _ptr_="0x1b33fd0" type="dict" key="loginInfo"/>
      <value _ptr_="0x1b34060" type="dict" key="serverInfo">
        <value type="string" key="serverVersion">5.5.47-log</value>
        <value type="int" key="setupPending">0</value>
        <value type="string" key="sys.sudo"></value>
      </value>
      <value type="string" key="name">ROCA PRO DB</value>
    </value>
    <value type="object" struct-name="db.mgmt.ServerInstance" id="d8ff5eda-c9a1-11e5-8387-f8a96356276e" struct-checksum="0x367436e2">
      <link type="object" struct-name="db.mgmt.Connection" key="connection">b96b34fe-c9a1-11e5-8387-f8a96356276e</link>
      <value _ptr_="0x1b346e0" type="dict" key="loginInfo"/>
      <value _ptr_="0x1b34770" type="dict" key="serverInfo">
        <value type="string" key="serverVersion">5.5.47-log</value>
        <value type="int" key="setupPending">0</value>
        <value type="string" key="sys.sudo"></value>
      </value>
      <value type="string" key="name">ROCA PRO DB 2</value>
    </value>
    <value type="object" struct-name="db.mgmt.ServerInstance" id="301c6290-e760-11e5-83da-f8a96356276e" struct-checksum="0x367436e2">
      <link type="object" struct-name="db.mgmt.Connection" key="connection">301c5e4e-e760-11e5-83da-f8a96356276e</link>
      <value _ptr_="0x1b34df0" type="dict" key="loginInfo"/>
      <value _ptr_="0x1b34e80" type="dict" key="serverInfo">
        <value type="string" key="serverVersion">5.5.40-log</value>
        <value type="int" key="setupPending">0</value>
        <value type="string" key="sys.sudo"></value>
      </value>
      <value type="string" key="name">AWS - Vistalayers</value>
    </value>
    <value type="object" struct-name="db.mgmt.ServerInstance" id="c54f03c8-0825-11e6-b32e-605718796cdd" struct-checksum="0x367436e2">
      <link type="object" struct-name="db.mgmt.Connection" key="connection">c54f008a-0825-11e6-b32e-605718796cdd</link>
      <value _ptr_="0x1b35500" type="dict" key="loginInfo"/>
      <value _ptr_="0x1b35590" type="dict" key="serverInfo">
        <value type="string" key="serverVersion">5.5.40-log</value>
        <value type="int" key="setupPending">0</value>
        <value type="string" key="sys.sudo"></value>
      </value>
      <value type="string" key="name">AWS - Vistalayers1</value>
    </value>
    <value type="object" struct-name="db.mgmt.ServerInstance" id="51e05016-0bd8-11e6-9cf7-54ee753d2d5e" struct-checksum="0x367436e2">
      <link type="object" struct-name="db.mgmt.Connection" key="connection">51e04d6e-0bd8-11e6-9cf7-54ee753d2d5e</link>
      <value _ptr_="0x1b35c10" type="dict" key="loginInfo"/>
      <value _ptr_="0x1b35ca0" type="dict" key="serverInfo">
        <value type="string" key="serverVersion">5.5.40-log</value>
        <value type="int" key="setupPending">0</value>
        <value type="string" key="sys.sudo"></value>
      </value>
      <value type="string" key="name">AWS - MainServer1</value>
    </value>
  </value>
</data>
